-- INSERT PESSOA
INSERT INTO PESSOA (CPF, NOME, DATA_NASCIMENTO)
    VALUES('11999999999', 'Matheus Oliveira', TIMESTAMP '1996-01-10 00:00:00.000000');
INSERT INTO PESSOA (CPF, NOME, DATA_NASCIMENTO)
    VALUES('22999999999', 'Andre luna', TIMESTAMP '2000-02-10 00:00:00.000000');
INSERT INTO PESSOA (CPF, NOME, DATA_NASCIMENTO)
    VALUES('33999999999', 'Melissa Falcao', TIMESTAMP '1998-03-10 00:00:00.000000');
INSERT INTO PESSOA (CPF, NOME, DATA_NASCIMENTO)
    VALUES('44999999999', 'Ruy Ovideo', TIMESTAMP '1996-04-10 00:00:00.000000');
INSERT INTO PESSOA (CPF, NOME, DATA_NASCIMENTO)
    VALUES('55999999999', 'Andre Araujo', TIMESTAMP '1996-04-10 00:00:00.000000');
INSERT INTO PESSOA (CPF, NOME, DATA_NASCIMENTO)
    VALUES('66999999999', 'Akira', TIMESTAMP '1990-04-10 00:00:00.000000');
INSERT INTO PESSOA (CPF, NOME, DATA_NASCIMENTO)
    VALUES('77999999999', 'Carlos', TIMESTAMP '1980-07-10 00:00:00.000000');
INSERT INTO PESSOA (CPF, NOME, DATA_NASCIMENTO)
    VALUES('88999999999', 'Vicente', TIMESTAMP '1970-07-10 00:00:00.000000');
INSERT INTO PESSOA (CPF, NOME, DATA_NASCIMENTO)
    VALUES('99999999999', 'Vitor', TIMESTAMP '1960-07-10 00:00:00.000000');
INSERT INTO PESSOA (CPF, NOME, DATA_NASCIMENTO)
    VALUES('10099999999', 'Eduardo', TIMESTAMP '1955-07-10 00:00:00.000000');

-- INSERT PESSOA_ENDERECO
INSERT INTO ENDERECO (CPF_PESSOA, CEP, RUA, NUMERO, CIDADE, ESTADO)
    VALUES ('11999999999', '50340340', 'Rua 1', '80', 'Recife', 'Pernambuco');
INSERT INTO ENDERECO (CPF_PESSOA, CEP, RUA, NUMERO, CIDADE, ESTADO)
    VALUES ('22999999999', '50340340', 'Rua 1', '105', 'Recife', 'Pernambuco');
INSERT INTO ENDERECO (CPF_PESSOA, CEP, RUA, NUMERO, CIDADE, ESTADO)
    VALUES ('33999999999', '50340440', 'Rua 6', '85', 'Recife', 'Pernambuco');
INSERT INTO ENDERECO (CPF_PESSOA, CEP, RUA, NUMERO, CIDADE, ESTADO)
    VALUES ('44999999999', '50540340', 'Rua 98', '15', 'Recife', 'Pernambuco');
INSERT INTO ENDERECO (CPF_PESSOA, CEP, RUA, NUMERO, CIDADE, ESTADO)
    VALUES ('55999999999', '50540340', 'Rua 98', '80', 'Recife', 'Pernambuco');
INSERT INTO ENDERECO (CPF_PESSOA, CEP, RUA, NUMERO, CIDADE, ESTADO)
    VALUES ('66999999999', '50890340', 'Rua 56', '23', 'Recife', 'Pernambuco');
INSERT INTO ENDERECO (CPF_PESSOA, CEP, RUA, NUMERO, CIDADE, ESTADO)
    VALUES ('77999999999', '50340840', 'Rua 15', '56', 'Recife', 'Pernambuco');
INSERT INTO ENDERECO (CPF_PESSOA, CEP, RUA, NUMERO, CIDADE, ESTADO)
    VALUES ('88999999999', '50340540', 'Rua 3', '80', 'Recife', 'Pernambuco');
INSERT INTO ENDERECO (CPF_PESSOA, CEP, RUA, NUMERO, CIDADE, ESTADO)
    VALUES ('99999999999', '50340540', 'Rua 3', '80', 'Recife', 'Pernambuco');
INSERT INTO ENDERECO (CPF_PESSOA, CEP, RUA, NUMERO, CIDADE, ESTADO)
    VALUES ('10099999999', '50560520', 'Rua 65', '65', 'Recife', 'Pernambuco');

-- INSERT PESSOA_TELEFONES
INSERT INTO TELEFONES (CPF_PESSOA, NUM_TELEFONE)
    VALUES ('11999999999', '81999999999');
INSERT INTO TELEFONES (CPF_PESSOA, NUM_TELEFONE)
    VALUES ('22999999999', '81999999998');
INSERT INTO TELEFONES (CPF_PESSOA, NUM_TELEFONE)
    VALUES ('33999999999', '81999999988');
INSERT INTO TELEFONES (CPF_PESSOA, NUM_TELEFONE)
    VALUES ('44999999999', '81999999888');
INSERT INTO TELEFONES (CPF_PESSOA, NUM_TELEFONE)
    VALUES ('55999999999', '81999998888');
INSERT INTO TELEFONES (CPF_PESSOA, NUM_TELEFONE)
    VALUES ('66999999999', '81999988888');
INSERT INTO TELEFONES (CPF_PESSOA, NUM_TELEFONE)
    VALUES ('77999999999', '81999888888');
INSERT INTO TELEFONES (CPF_PESSOA, NUM_TELEFONE)
    VALUES ('88999999999', '81998888888');
INSERT INTO TELEFONES (CPF_PESSOA, NUM_TELEFONE)
    VALUES ('99999999999', '81988888888');
INSERT INTO TELEFONES (CPF_PESSOA, NUM_TELEFONE)
    VALUES ('10099999999', '81888888888');

-- INSERT ESTUDANTE
INSERT INTO ESTUDANTE (CPF_ESTUDANTE, CODIGO_ID, COD_PLANO)
    VALUES ('11999999999', '001', '0001');
INSERT INTO ESTUDANTE (CPF_ESTUDANTE, CODIGO_ID, COD_PLANO)
    VALUES ('22999999999', '002', '0001');
INSERT INTO ESTUDANTE (CPF_ESTUDANTE, CODIGO_ID, COD_PLANO)
    VALUES ('33999999999', '003', '0002');
INSERT INTO ESTUDANTE (CPF_ESTUDANTE, CODIGO_ID, COD_PLANO)
    VALUES ('44999999999', '004', '0003');
INSERT INTO ESTUDANTE (CPF_ESTUDANTE, CODIGO_ID, COD_PLANO)
    VALUES ('55999999999', '005', '0003');

-- INSERT PROFESSOR
INSERT INTO PROFESSOR (CPF_PROFESSOR, CODIGO_ID, CARGO, SALARIO, CPF_SUPERVISOR)
    VALUES ('66999999999', '001', 'Titular - Exatas', '1500', '10099999999');
INSERT INTO PROFESSOR (CPF_PROFESSOR, CODIGO_ID, CARGO, SALARIO, CPF_SUPERVISOR)
    VALUES ('77999999999', '002', 'Titular - Humanas', '1800', '10099999999');
INSERT INTO PROFESSOR (CPF_PROFESSOR, CODIGO_ID, CARGO, SALARIO, CPF_SUPERVISOR)
    VALUES ('88999999999', '003', 'Auxiliar - Exatas', '1500', '66999999999');
INSERT INTO PROFESSOR (CPF_PROFESSOR, CODIGO_ID, CARGO, SALARIO, CPF_SUPERVISOR)
    VALUES ('99999999999', '004', 'Auxiliar - Humanas', '1500', '77999999999');
INSERT INTO PROFESSOR (CPF_PROFESSOR, CODIGO_ID, CARGO, SALARIO, CPF_SUPERVISOR)
    VALUES ('10099999999', '005', 'Coordenador', '1500', '66999999999');

-- INSERT CURSO
INSERT INTO CURSO (CURSO_ID, NOME)
    VALUES ('0001', 'Exatas');
INSERT INTO CURSO (CURSO_ID, NOME)
    VALUES ('0002', 'Humanas');

-- INSERT PLANO
INSERT INTO PLANO (PLANO_ID, MENSALIDADE)
    VALUES ('0001', '200')
INSERT INTO PLANO (PLANO_ID, MENSALIDADE)
    VALUES ('0002', '250')
INSERT INTO PLANO (PLANO_ID, MENSALIDADE)
    VALUES ('0003', '150')