-- INSERT PESSOA
INSERT INTO PESSOA (CPF, NOME, DATA_NASCIMENTO)
    VALUES('11999999999', 'Matheus Oliveira', TO_DATE('10/03/98', 'DD/MM/YY'));
INSERT INTO PESSOA (CPF, NOME, DATA_NASCIMENTO)
    VALUES('22999999999', 'Andre luna', TO_DATE('10/02/00', 'DD/MM/YY'));
INSERT INTO PESSOA (CPF, NOME, DATA_NASCIMENTO)
    VALUES('33999999999', 'Melissa Falcao', TO_DATE('10/04/96', 'DD/MM/YY'));
INSERT INTO PESSOA (CPF, NOME, DATA_NASCIMENTO)
    VALUES('44999999999', 'Ruy Ovideo', TO_DATE('10/04/96', 'DD/MM/YY'));
INSERT INTO PESSOA (CPF, NOME, DATA_NASCIMENTO)
    VALUES('55999999999', 'Andre Araujo',TO_DATE('10/04/90', 'DD/MM/YY'));
INSERT INTO PESSOA (CPF, NOME, DATA_NASCIMENTO)
    VALUES('66999999999', 'Akira', TO_DATE('10/07/94', 'DD/MM/YY'));
INSERT INTO PESSOA (CPF, NOME, DATA_NASCIMENTO)
    VALUES('77999999999', 'Carlos', TO_DATE('20/04/99', 'DD/MM/YY'));
INSERT INTO PESSOA (CPF, NOME, DATA_NASCIMENTO)
    VALUES('88999999999', 'Vicente',TO_DATE('15/09/95', 'DD/MM/YY'));
INSERT INTO PESSOA (CPF, NOME, DATA_NASCIMENTO)
    VALUES('99999999999', 'Vitor', TO_DATE('18/06/96', 'DD/MM/YY'));
INSERT INTO PESSOA (CPF, NOME, DATA_NASCIMENTO)
    VALUES('10099999999', 'Eduardo', TO_DATE('19/04/96', 'DD/MM/YY'));

-- INSERT PESSOA_ENDERECO
INSERT INTO ENDERECO (CPF_PESSOA, CEP, RUA, NUMERO, CIDADE, ESTADO)
    VALUES ('11999999999', '50340340', 'Rua 1', '80', 'Recife', 'Pernambuco');
INSERT INTO ENDERECO (CPF_PESSOA, CEP, RUA, NUMERO, CIDADE, ESTADO)
    VALUES ('22999999999', '50340840', 'Rua 1', '105', 'Recife', 'Pernambuco');
INSERT INTO ENDERECO (CPF_PESSOA, CEP, RUA, NUMERO, CIDADE, ESTADO)
    VALUES ('33999999999', '50340440', 'Rua 6', '85', 'Recife', 'Pernambuco');
INSERT INTO ENDERECO (CPF_PESSOA, CEP, RUA, NUMERO, CIDADE, ESTADO)
    VALUES ('44999999999', '50540340', 'Rua 98', '15', 'Recife', 'Pernambuco');
INSERT INTO ENDERECO (CPF_PESSOA, CEP, RUA, NUMERO, CIDADE, ESTADO)
    VALUES ('55999999999', '50540840', 'Rua 98', '80', 'Recife', 'Pernambuco');
INSERT INTO ENDERECO (CPF_PESSOA, CEP, RUA, NUMERO, CIDADE, ESTADO)
    VALUES ('66999999999', '50890340', 'Rua 56', '23', 'Recife', 'Pernambuco');
INSERT INTO ENDERECO (CPF_PESSOA, CEP, RUA, NUMERO, CIDADE, ESTADO)
    VALUES ('77999999999', '50940840', 'Rua 15', '56', 'Recife', 'Pernambuco');
INSERT INTO ENDERECO (CPF_PESSOA, CEP, RUA, NUMERO, CIDADE, ESTADO)
    VALUES ('88999999999', '50340940', 'Rua 3', '80', 'Recife', 'Pernambuco');
INSERT INTO ENDERECO (CPF_PESSOA, CEP, RUA, NUMERO, CIDADE, ESTADO)
    VALUES ('99999999999', '50340540', 'Rua 3', '80', 'Recife', 'Pernambuco');
INSERT INTO ENDERECO (CPF_PESSOA, CEP, RUA, NUMERO, CIDADE, ESTADO)
    VALUES ('10099999999', '50560520', 'Rua 65', '65', 'Recife', 'Pernambuco');

-- INSERT PESSOA_TELEFONES
INSERT INTO TELEFONES (CPF_PESSOA, NUM_TELEFONE)
    VALUES ('11999999999', '81999999999');
INSERT INTO TELEFONES (CPF_PESSOA, NUM_TELEFONE)
    VALUES ('22999999999', '81999999998');
INSERT INTO TELEFONES (CPF_PESSOA, NUM_TELEFONE)
    VALUES ('33999999999', '81999999988');
INSERT INTO TELEFONES (CPF_PESSOA, NUM_TELEFONE)
    VALUES ('44999999999', '81999999888');
INSERT INTO TELEFONES (CPF_PESSOA, NUM_TELEFONE)
    VALUES ('55999999999', '81999998888');
INSERT INTO TELEFONES (CPF_PESSOA, NUM_TELEFONE)
    VALUES ('66999999999', '81999988888');
INSERT INTO TELEFONES (CPF_PESSOA, NUM_TELEFONE)
    VALUES ('77999999999', '81999888888');
INSERT INTO TELEFONES (CPF_PESSOA, NUM_TELEFONE)
    VALUES ('88999999999', '81998888888');
INSERT INTO TELEFONES (CPF_PESSOA, NUM_TELEFONE)
    VALUES ('99999999999', '81988888888');
INSERT INTO TELEFONES (CPF_PESSOA, NUM_TELEFONE)
    VALUES ('10099999999', '81888888888');

-- INSERT ESTUDANTE
INSERT INTO ESTUDANTE (CPF_ESTUDANTE, CODIGO_ID, COD_PLANO)
    VALUES ('11999999999', '001', '1');
INSERT INTO ESTUDANTE (CPF_ESTUDANTE, CODIGO_ID, COD_PLANO)
    VALUES ('22999999999', '002', '1');
INSERT INTO ESTUDANTE (CPF_ESTUDANTE, CODIGO_ID, COD_PLANO)
    VALUES ('33999999999', '003', '2');
INSERT INTO ESTUDANTE (CPF_ESTUDANTE, CODIGO_ID, COD_PLANO)
    VALUES ('44999999999', '004', '3');
INSERT INTO ESTUDANTE (CPF_ESTUDANTE, CODIGO_ID, COD_PLANO)
    VALUES ('55999999999', '005', '3');

-- INSERT PROFESSOR
INSERT INTO PROFESSOR (CPF_PROFESSOR, CODIGO_ID, CARGO, SALARIO, CPF_SUPERVISOR)
    VALUES ('66999999999', '001', 'Titular Exatas', '1500,00', '10099999999');
INSERT INTO PROFESSOR (CPF_PROFESSOR, CODIGO_ID, CARGO, SALARIO, CPF_SUPERVISOR)
    VALUES ('77999999999', '002', 'Titular Humanas', '1800,00', '10099999999');
INSERT INTO PROFESSOR (CPF_PROFESSOR, CODIGO_ID, CARGO, SALARIO, CPF_SUPERVISOR)
    VALUES ('88999999999', '003', 'Auxiliar Exatas', '1500,00', '66999999999');
INSERT INTO PROFESSOR (CPF_PROFESSOR, CODIGO_ID, CARGO, SALARIO, CPF_SUPERVISOR)
    VALUES ('99999999999', '004', 'Auxiliar Humanas', '1500,00', '77999999999');
INSERT INTO PROFESSOR (CPF_PROFESSOR, CODIGO_ID, CARGO, SALARIO, CPF_SUPERVISOR)
    VALUES ('10099999999', '005', 'Coordenador', '1500,00', '66999999999');

-- INSERT CURSO
INSERT INTO CURSO 
    VALUES (SEQ_CURSO_ID.NEXTVAL, 'Itensivo Exatas');
INSERT INTO CURSO 
    VALUES (SEQ_CURSO_ID.NEXTVAL, 'Exatas');
INSERT INTO CURSO 
    VALUES (SEQ_CURSO_ID.NEXTVAL, 'Humanas');

-- INSERT PLANO
INSERT INTO PLANO 
    VALUES (SEQ_PLANO_ID.NEXTVAL, '300');
INSERT INTO PLANO 
    VALUES (SEQ_PLANO_ID.NEXTVAL, '250');
INSERT INTO PLANO 
    VALUES (SEQ_PLANO_ID.NEXTVAL, '200');

-- INSERT MONITOR
INSERT INTO MONITOR (CPF_PROFESSOR, MONITOR_ID, NOME, SALARIO, CARGA_HORARIA) 
    VALUES ('66999999999', '1', 'Marcelo', '600,00', '20');
INSERT INTO MONITOR (CPF_PROFESSOR, MONITOR_ID, NOME, SALARIO, CARGA_HORARIA) 
    VALUES ('66999999999', '2', 'Joana', '600,00', '20');

-- INSERT PLANO_ESTUDANTE
INSERT INTO PLANO_ESTUDANTE (CPF_ESTUDANTE, COD_PLANO, DATA_INICIO, DATA_FIM) 
    VALUES ('11999999999', '1', TO_DATE('2021-03-28', 'YYYY-MM-DD'), TO_DATE('2022-03-28', 'YYYY-MM-DD'));
INSERT INTO PLANO_ESTUDANTE (CPF_ESTUDANTE, COD_PLANO, DATA_INICIO, DATA_FIM) 
    VALUES ('22999999999', '1', TO_DATE('2021-02-10', 'YYYY-MM-DD'), TO_DATE('2021-04-10', 'YYYY-MM-DD'));
INSERT INTO PLANO_ESTUDANTE (CPF_ESTUDANTE, COD_PLANO, DATA_INICIO, DATA_FIM) 
    VALUES ('33999999999', '2', TO_DATE('2021-01-01', 'YYYY-MM-DD'), TO_DATE('2021-12-31', 'YYYY-MM-DD'));
INSERT INTO PLANO_ESTUDANTE (CPF_ESTUDANTE, COD_PLANO, DATA_INICIO, DATA_FIM) 
    VALUES ('44999999999', '3', TO_DATE('2021-01-01', 'YYYY-MM-DD'), TO_DATE('2021-12-31', 'YYYY-MM-DD'));
INSERT INTO PLANO_ESTUDANTE (CPF_ESTUDANTE, COD_PLANO, DATA_INICIO, DATA_FIM) 
    VALUES ('55999999999', '3', TO_DATE('2021-02-01', 'YYYY-MM-DD'), TO_DATE('2021-06-01', 'YYYY-MM-DD'));

-- INSERT ACESSA
INSERT INTO ACESSA (CPF_ESTUDANTE, COD_PLANO, COD_CURSO) 
    VALUES ('11999999999', '1', '1');
INSERT INTO ACESSA (CPF_ESTUDANTE, COD_PLANO, COD_CURSO) 
    VALUES ('22999999999', '1', '1');
INSERT INTO ACESSA (CPF_ESTUDANTE, COD_PLANO, COD_CURSO) 
    VALUES ('33999999999', '2', '2');
INSERT INTO ACESSA (CPF_ESTUDANTE, COD_PLANO, COD_CURSO) 
    VALUES ('44999999999', '3', '3');
INSERT INTO ACESSA (CPF_ESTUDANTE, COD_PLANO, COD_CURSO) 
    VALUES ('55999999999', '3', '3');

-- INSERT INSTRUIR
INSERT INTO INSTRUIR (CPF_ESTUDANTE, CPF_PROFESSOR, COD_CURSO) 
    VALUES ('11999999999', '66999999999', '1');
INSERT INTO INSTRUIR (CPF_ESTUDANTE, CPF_PROFESSOR, COD_CURSO) 
    VALUES ('22999999999', '66999999999', '1');
INSERT INTO INSTRUIR (CPF_ESTUDANTE, CPF_PROFESSOR, COD_CURSO) 
    VALUES ('33999999999', '66999999999', '2');
INSERT INTO INSTRUIR (CPF_ESTUDANTE, CPF_PROFESSOR, COD_CURSO) 
    VALUES ('44999999999', '77999999999', '3');
INSERT INTO INSTRUIR (CPF_ESTUDANTE, CPF_PROFESSOR, COD_CURSO) 
    VALUES ('55999999999', '77999999999', '3');
